{
  "build": "h06a4308_0",
  "build_number": 0,
  "channel": "https://repo.anaconda.com/pkgs/main/linux-64",
  "constrains": [],
  "depends": [],
  "extracted_package_dir": "/home/soberjan/.conda/pkgs/ca-certificates-2023.12.12-h06a4308_0",
  "features": "",
  "files": [
    "ssl/cacert.pem",
    "ssl/cert.pem"
  ],
  "fn": "ca-certificates-2023.12.12-h06a4308_0.conda",
  "legacy_bz2_md5": "78b3ba713700dac5e7ea2617e6d165d2",
  "license": "MPL-2.0",
  "license_family": "Other",
  "link": {
    "source": "/home/soberjan/.conda/pkgs/ca-certificates-2023.12.12-h06a4308_0",
    "type": 1
  },
  "md5": "12bf7315c3f5ca50300e8b48d1b4ef2e",
  "name": "ca-certificates",
  "package_tarball_full_path": "/home/soberjan/.conda/pkgs/ca-certificates-2023.12.12-h06a4308_0.conda",
  "paths_data": {
    "paths": [
      {
        "_path": "ssl/cacert.pem",
        "path_type": "hardlink",
        "sha256": "ccbdfc2fe1a0d7bbbb9cc15710271acf1bb1afe4c8f1725fe95c4c7733fcbe5a",
        "sha256_in_prefix": "ccbdfc2fe1a0d7bbbb9cc15710271acf1bb1afe4c8f1725fe95c4c7733fcbe5a",
        "size_in_bytes": 226639
      },
      {
        "_path": "ssl/cert.pem",
        "path_type": "softlink",
        "sha256": "ccbdfc2fe1a0d7bbbb9cc15710271acf1bb1afe4c8f1725fe95c4c7733fcbe5a",
        "size_in_bytes": 226639
      }
    ],
    "paths_version": 1
  },
  "requested_spec": "None",
  "sha256": "6f44489c14ade5c1e9cb4865304d38c78c2b660bd80898b8e526689ba84fe57a",
  "size": 128708,
  "subdir": "linux-64",
  "timestamp": 1702903808756,
  "track_features": "",
  "url": "https://repo.anaconda.com/pkgs/main/linux-64/ca-certificates-2023.12.12-h06a4308_0.conda",
  "version": "2023.12.12"
}