<dolfin nsmap="{'dolfin': 'https://fenicsproject.org/'}"><mesh_function type="int" dim="2" size="15"><entity index="0" value="1" /><entity index="1" value="1" /><entity index="2" value="1" /><entity index="3" value="1" /><entity index="4" value="1" /><entity index="5" value="1" /><entity index="6" value="1" /><entity index="7" value="1" /><entity index="8" value="1" /><entity index="9" value="1" /><entity index="10" value="1" /><entity index="11" value="1" /><entity index="12" value="1" /><entity index="13" value="1" /><entity index="14" value="1" /></mesh_function></dolfin>